{
    "name": "SimpleBatteryMonitor",
    "version": "1.0.0",
    "description": "A simple library to monitor battery voltage using a voltage divider and an ADC pin for Arduino on ESP32.",
    "keywords": "ADC, voltage divider, battery monitor, Arduino, ESP32",
    "authors": [
        {
            "name": "Matthew Friskey",
            "maintainer": true
        }
    ],
    "repository": {
        "type": "git",
        "url": "https://github.com/matthewfriskey/SimpleBatteryMonitor.git"
    },
    "frameworks": "arduino",
    "platforms": "espressif32"
}